{"loss": [1.3169690370559692, 0.42860621213912964, 0.2638016641139984, 0.18023554980754852, 0.13119052350521088, 0.10769307613372803, 0.08092980831861496, 0.07474254071712494, 0.060064636170864105, 0.055344223976135254], "accuracy": [0.6086777448654175, 0.8631339073181152, 0.9149157404899597, 0.9408350586891174, 0.9571377635002136, 0.9647343158721924, 0.9732555747032166, 0.9755032658576965, 0.9805249571800232, 0.9821893572807312], "val_loss": [0.5042311549186707, 0.28150078654289246, 0.19277876615524292, 0.16729429364204407, 0.1157568171620369, 0.1663462072610855, 0.13773901760578156, 0.11120624840259552, 0.13087314367294312, 0.12662091851234436], "val_accuracy": [0.8424197435379028, 0.9108809232711792, 0.9352948069572449, 0.9458228945732117, 0.9623833298683167, 0.9483838081359863, 0.9603915214538574, 0.9667084217071533, 0.9624402523040771, 0.965228796005249]}